representative,member,cluster_size
1ahw_C,"['1ahw_C', '1ahw_F', '5w06_T', '1jps_T', '1uj3_C']",5
1bgx_T,['1bgx_T'],1
1bj1_V,"['1bj1_V', '1bj1_W', '1cz8_V', '6bft_G', '1cz8_W', '6bft_C', '2fjg_V', '2fjg_W', '3bdy_V', '1tzh_V', '1tzh_W', '4zff_C', '4zff_D']",13
1cl7_I,['1cl7_I'],1
1e6j_P,['1e6j_P'],1
1egj_A,['1egj_A'],1
1fbi_Y,"['1fbi_Y', '1fbi_X']",2
1fe8_A,"['1fe8_A', '1fe8_B', '1fe8_C', '2adf_A']",4
1fns_A,"['1fns_A', '1oak_A']",2
1fsk_D,"['1fsk_D', '1fsk_G', '1fsk_J', '1fsk_A']",4
1g9m_G,"['1g9m_G', '1gc1_G', '3idx_G', '1rzj_G', '2nxy_A', '2nxz_A', '2ny0_A', '2ny1_A', '2ny2_A', '2ny3_A', '2ny4_A', '2ny5_G', '2ny6_A', '2ny7_G']",14
1jhl_A,['1jhl_A'],1
1jrh_I,['1jrh_I'],1
1kb5_A,['1kb5_A'],1
1kb5_B,['1kb5_B'],1
1kyo_E,"['1kyo_E', '1kyo_P', '3cx5_E', '3cx5_P', '3cxh_E', '3cxh_P', '2ibz_E', '1p84_E', '1ezv_E', '1kb9_E']",10
1lk3_B,"['1lk3_B', '1lk3_A']",2
1mhp_B,"['1mhp_B', '1mhp_A']",2
1nca_N,"['1nca_N', '1a14_N', '1ncb_N', '1ncc_N', '1ncd_N', '1nma_N', '1nmc_N', '1nmc_A']",8
1nfd_D,"['1nfd_D', '1nfd_B']",2
1nl0_G,['1nl0_G'],1
1nmb_N,['1nmb_N'],1
1nsn_S,['1nsn_S'],1
1oaz_B,"['1oaz_B', '1oaz_A']",2
1ob1_F,"['1ob1_F', '6xqw_E', '1ob1_C']",3
1ors_C,['1ors_C'],1
1osp_O,"['1osp_O', '8tuz_A', '8tv3_A', '1fj1_E', '7t25_E', '1fj1_F', '7t25_C']",7
1qle_B,['1qle_B'],1
1rjl_C,['1rjl_C'],1
1sy6_A,['1sy6_A'],1
1tpx_A,['1tpx_A'],1
1tqc_A,"['1tqc_A', '1tqb_A']",2
1uac_Y,['1uac_Y'],1
1uwx_B,"['1uwx_B', '1qkz_A', '1uwx_A', '8tfr_C', '6oc7_C', '6wfw_G', '6uuh_E', '6uuh_F', '1igc_A', '6o41_M', '6o41_N', '6o41_O']",12
1v7m_X,"['1v7m_X', '1v7m_V']",2
1vfb_C,"['1vfb_C', '1a2y_C', '1g7h_C', '1g7i_C', '1g7j_C', '1g7l_C', '1p2c_C', '3d9a_C', '1g7m_C', '1p2c_F', '2iff_Y', '4tsa_A', '1bql_Y', '1mlc_E', '1xgp_C', '2dqc_Y', '4tsb_A', '1bvk_C', '1mlc_F', '1xgq_C', '2dqd_Y', '4tsc_A', '1bvk_F', '1xgr_C', '2dqe_Y', '2yss_C', '3hfm_Y', '4ttd_A', '1c08_C', '1xgt_C', '2dqf_C', '4ttd_B', '1nby_C', '1xgu_C', '2dqf_F', '3a67_Y', '1ic4_Y', '1nbz_C', '2dqg_Y', '3a6b_Y', '1ic5_Y', '2dqh_Y', '1ic7_Y', '2dqi_Y', '2dqj_Y', '1dqj_C', '6p4a_C', '1j1o_Y', '1ndg_C', '6p4b_C', '1j1p_Y', '1ndm_C', '2eiz_C', '6p4b_D', '1j1x_Y', '1yqv_Y', '2eks_C', '1fdl_Y', '1ua6_Y', '1kip_C', '1kiq_C', '1kir_C']",62
1wej_F,['1wej_F'],1
1xf5_M,"['1xf5_M', '1xf5_L']",2
1xiw_E,"['1xiw_E', '1xiw_A']",2
1xiw_F,"['1xiw_F', '1xiw_B']",2
1yjd_C,['1yjd_C'],1
1ymh_E,"['1ymh_E', '1ymh_F', '4ioi_E', '6bah_E', '1mhh_E', '1mhh_F', '1hez_E', '4hjg_E', '4hkz_E', '5u3d_E', '6b9y_E', '6b9z_E', '5u5f_E', '5u5m_E', '5u6a_E', '6bae_E']",16
2aep_A,"['2aep_A', '8ez3_A', '8ez7_A', '8ez8_A', '2aeq_A']",5
2arj_R,"['2arj_R', '2arj_Q']",2
2b2x_B,"['2b2x_B', '2b2x_A']",2
2dd8_S,"['2dd8_S', '7rks_R', '7rks_S', '3bgf_S', '3bgf_A']",5
2h8p_C,"['2h8p_C', '5j9p_C', '2hfe_C', '2hg5_C', '3or7_C']",5
2h9g_S,"['2h9g_S', '3x3f_A', '2h9g_R']",3
2hfg_R,['2hfg_R'],1
2i5y_G,"['2i5y_G', '2i5y_P', '2i60_G', '2i60_P', '1g9n_G', '5ukr_G', '1rzk_G', '1yyl_G', '1yyl_P', '1yym_G', '1yym_P']",11
2j4w_D,"['2j4w_D', '9dx6_A']",2
2j5l_A,['2j5l_A'],1
2j88_A,['2j88_A'],1
2jel_P,['2jel_P'],1
2nr6_B,"['2nr6_B', '3liz_A', '2nr6_A']",3
2nyy_A,['2nyy_A'],1
2oz4_A,['2oz4_A'],1
2q8b_A,"['2q8b_A', '2q8a_A']",2
2qqk_A,['2qqk_A'],1
2qqn_A,['2qqn_A'],1
2r56_B,"['2r56_B', '2r56_A']",2
2vh5_R,"['2vh5_R', '2uzi_R']",2
2vxq_A,['2vxq_A'],1
2vxt_I,['2vxt_I'],1
2xqb_A,['2xqb_A'],1
2xqy_E,"['2xqy_E', '2xqy_A']",2
2xra_A,"['2xra_A', '2cmr_A', '3ma9_A', '3mac_A']",4
2xtj_A,['2xtj_A'],1
2ybr_C,"['2ybr_C', '2ybr_F', '2ybr_I', '2yc1_C', '2yc1_F']",5
2zch_P,['2zch_P'],1
3b9k_F,"['3b9k_F', '3b9k_B']",2
3cvh_A,"['3cvh_A', '3cvh_M']",2
3d85_C,['3d85_C'],1
3dvg_X,"['3dvg_X', '3dvg_Y', '3dvn_X', '3dvn_U', '3dvn_Y', '3dvn_V', '7keo_C', '7keo_D', '7keo_G', '7keo_H']",10
3efd_K,['3efd_K'],1
3ehb_B,"['3ehb_B', '1ar1_B']",2
3eoa_I,"['3eoa_I', '3hi6_A', '3hi6_B', '3eoa_J']",4
3fb5_C,"['3fb5_C', '5vk6_C', '5vke_C', '7mub_C', '7m2i_C', '3fb6_C', '6by3_C', '4uuj_C', '6w0h_C', '6w0i_C', '6w0j_C', '3or6_C', '6nfu_C', '8thn_C', '5vkh_C', '6nfv_C', '3stl_C', '4msw_C', '3stz_C', '7rp0_C', '2dwd_C', '2dwe_C', '6by2_C', '1zwi_C', '6pa0_C', '2hjf_C', '6w0f_C', '2p7t_C', '6w0g_C']",29
3g04_C,"['3g04_C', '2xwt_C']",2
3gbm_A,"['3gbm_A', '5a3i_A', '5a3i_E', '4fqi_A', '3gbm_C']",5
3gbn_B,"['3gbn_B', '4py8_B']",2
3gi8_C,"['3gi8_C', '3gi9_C']",2
3grw_A,['3grw_A'],1
3h42_B,"['3h42_B', '3sqo_A', '5oca_B']",3
3hi1_J,"['3hi1_J', '3hi1_G']",2
3hmx_A,['3hmx_A'],1
3i50_E,['3i50_E'],1
3jwd_B,"['3jwd_B', '3jwd_A']",2
3k2u_A,"['3k2u_A', '2r0l_A', '2wub_A', '2wub_C', '2wuc_A']",5
3kr3_D,['3kr3_D'],1
3ks0_B,"['3ks0_B', '3ks0_A']",2
3l95_X,"['3l95_X', '3l95_Y']",2
3ldb_A,"['3ldb_A', '3ld8_A']",2
3lev_A,['3lev_A'],1
3lh2_S,"['3lh2_S', '3lh2_T', '3lh2_V', '3lh2_U']",4
3lhp_T,"['3lhp_T', '3lhp_S']",2
3mj9_A,['3mj9_A'],1
3mxw_A,['3mxw_A'],1
3nfp_I,"['3nfp_I', '3nfp_K', '3iu3_J', '3iu3_K']",4
3nh7_A,"['3nh7_A', '3nh7_B', '3nh7_C', '3nh7_D']",4
3nps_A,"['3nps_A', '3so3_A', '3bn9_B', '3bn9_A']",4
3o0r_B,"['3o0r_B', '3wfb_B', '3wfc_B', '3wfd_B', '3wfe_B']",5
3o0r_C,"['3o0r_C', '3wfb_C', '3wfc_C', '3wfd_C', '3wfe_C']",5
3o2d_A,['3o2d_A'],1
3p0y_A,"['3p0y_A', '3b2u_A', '3b2u_B', '3b2u_E', '3b2u_I', '6b3s_A', '3b2u_M', '6b3s_B', '3b2u_P', '6b3s_E', '3b2u_S', '6b3s_I', '3b2u_V', '5sx4_N']",14
3pgf_A,"['3pgf_A', '5bjz_B', '5bjz_A', '5bk1_A', '5bk1_B', '5bk2_B', '5bk2_A']",7
3pnw_C,"['3pnw_C', '3pnw_F', '3pnw_I', '3pnw_L', '3pnw_O', '3pnw_R', '3pnw_U', '3pnw_X']",8
3q1s_I,['3q1s_I'],1
3q3g_G,"['3q3g_G', '3q3g_E', '3q3g_I', '3q3g_L', '3qa3_G', '3qa3_E', '3qa3_I', '3qa3_L']",8
3qwo_P,"['3qwo_P', '3qwo_C']",2
3r1g_B,['3r1g_B'],1
3rkd_B,"['3rkd_B', '3rkd_A']",2
3ru8_X,['3ru8_X'],1
3s35_X,"['3s35_X', '3s37_X']",2
3sdy_B,"['3sdy_B', '5k9q_B', '5k9q_D', '5k9q_F', '5k9q_N', '5k9q_P', '5k9q_R', '5kan_B', '5kan_D', '5y2l_B', '5kan_F', '6nz7_B', '6nz7_F']",13
3skj_F,"['3skj_F', '3skj_E']",2
3t2n_B,"['3t2n_B', '3t2n_A']",2
3tje_F,"['3tje_F', '3thm_F']",2
3u30_D,"['3u30_D', '3u30_A', '6ogx_G', '6okm_R', '7yk4_A', '7yk4_B', '4yx2_A', '4yxl_A', '4ki5_M']",9
3u4e_J,"['3u4e_J', '3u4e_G']",2
3u9p_D,"['3u9p_D', '3u9p_C']",2
3uc0_B,['3uc0_B'],1
3v6o_B,"['3v6o_B', '3v6o_A']",2
3vg9_A,['3vg9_A'],1
3vi3_D,"['3vi3_D', '3vi4_B', '3vi4_D', '7ceb_B', '3vi3_B']",5
3w9e_C,['3w9e_C'],1
3wih_B,"['3wih_B', '3wih_A']",2
3wkm_B,"['3wkm_B', '3wkm_A']",2
3zkn_B,"['3zkn_B', '3zkm_A', '3zkm_B', '3zkn_A']",4
3ztn_B,"['3ztn_B', '8txp_B', '5gjs_B']",3
4a6y_A,['4a6y_A'],1
4aei_A,"['4aei_A', '4aei_B', '4aei_C']",3
4ag4_A,['4ag4_A'],1
4al8_C,"['4al8_C', '6dfj_E', '4ffy_A', '5vic_E']",4
4ala_C,['4ala_C'],1
4bz1_A,"['4bz1_A', '4bz2_A']",2
4cad_C,"['4cad_C', '4cad_F', '4cad_I', '4cad_L']",4
4d3c_A,['4d3c_A'],1
4dke_A,"['4dke_A', '4dke_B', '4dkf_A', '4dkf_B']",4
4dn4_M,"['4dn4_M', '2bdn_A']",2
4dtg_K,['4dtg_K'],1
4dvr_G,['4dvr_G'],1
4dw2_U,['4dw2_U'],1
4edw_V,"['4edw_V', '4edx_W', '4edx_V']",3
4etq_C,"['4etq_C', '4etq_X']",2
4f15_A,"['4f15_A', '4f15_D', '4f15_G', '4f15_J', '6urm_F', '6urm_C', '4lvh_A', '4lvh_D', '4lvh_G', '4lvh_J']",10
4f2m_F,"['4f2m_F', '4f2m_E']",2
4f37_B,"['4f37_B', '4f37_A']",2
4f3f_C,['4f3f_C'],1
4fqi_B,"['4fqi_B', '6e3h_B', '3gbm_B', '3gbm_D']",4
4g6j_A,"['4g6j_A', '4g6m_A', '7chy_I', '7chz_I', '5bvp_I']",5
4g7y_S,"['4g7y_S', '4g7v_S']",2
4gms_A,"['4gms_A', '4gms_C', '4gms_E', '4o58_A']",4
4h88_A,"['4h88_A', '6aq7_A', '4ma8_C', '4ma7_A']",4
4hc1_B,"['4hc1_B', '4hc1_A', '4hcr_B', '4hcr_A']",4
4hf5_A,"['4hf5_A', '4hlz_A', '4hlz_C']",3
4hj0_B,"['4hj0_B', '4hj0_A']",2
4hlz_B,"['4hlz_B', '4hlz_D', '4hlz_F']",3
4ht1_T,['4ht1_T'],1
4hwb_A,['4hwb_A'],1
4i2x_F,"['4i2x_F', '4i2x_E']",2
4i3s_G,"['4i3s_G', '4i3r_G']",2
4i9w_A,"['4i9w_A', '4i9w_B', '7lj4_A', '7lj4_B', '7lj5_A', '7lj5_B', '7lja_A', '7lja_B', '7ljb_A', '7ljb_B', '4wfe_A', '4wfe_B', '4wff_A', '4wff_B', '4wfg_A', '4wfg_B']",16
4ij3_A,['4ij3_A'],1
4ioi_H,"['4ioi_H', '6bae_C', '6bah_C', '1dee_G', '4hjg_H', '1dee_H', '4hkz_H', '5u3d_C', '6b9y_C', '6b9z_C', '5u5f_C', '5u5m_C', '5u6a_C']",13
4irz_A,['4irz_A'],1
4j6r_G,['4j6r_G'],1
4jlr_S,"['4jlr_S', '4jlr_C', '4n9g_C', '4n9g_D', '4n9g_Y', '4n9g_Z']",6
4jpk_A,['4jpk_A'],1
4jqi_A,['4jqi_A'],1
4jr9_A,"['4jr9_A', '4jre_A', '4jre_D']",3
4jzj_D,"['4jzj_D', '4jzj_C']",2
4k3j_B,['4k3j_B'],1
4k9e_C,"['4k9e_C', '4k94_C']",2
4khx_A,"['4khx_A', '4kht_A']",2
4kxz_A,"['4kxz_A', '4kxz_B', '4kxz_D', '4kxz_E', '7rco_A', '6xm2_I', '7rco_B', '6xm2_J', '6xm2_K', '6xm2_L']",10
4leo_C,['4leo_C'],1
4lf3_F,"['4lf3_F', '4lf3_C']",2
4liq_E,['4liq_E'],1
4lmq_F,"['4lmq_F', '4lmq_D']",2
4lsq_G,"['4lsq_G', '5w4l_A', '4olx_G', '4ydl_A', '4oly_G', '3se8_G', '4olz_G', '5te6_G', '3se9_G', '4om0_G', '4om1_G', '5wb9_G', '5uem_G', '4s1q_G', '4h8w_G', '4jb9_G', '6mfp_G', '4jkp_G', '6mfp_A', '5kjr_G', '6mg7_G', '4jpw_G', '4xvt_G', '4lsp_G', '5f96_G', '3ngb_G', '5f9o_G', '3ngb_A', '5f9w_A', '7sx7_G', '3ngb_D', '5f9w_G', '7sx7_A', '3ngb_I', '4lsu_G', '3u7y_G', '4ydj_G', '4olu_G', '4ydj_I', '7n8q_G', '4olv_G', '4ydk_G', '7n8q_A', '4olw_G', '4ydl_G', '5w4l_G', '4lsr_G']",47
4lss_G,['4lss_G'],1
4lst_G,['4lst_G'],1
4lvo_A,"['4lvo_A', '4lvn_A']",2
4m1g_B,"['4m1g_B', '4lqf_A', '4lu5_A', '4lu5_B', '4m1g_A']",5
4mwf_D,"['4mwf_D', '4mwf_C']",2
4nnp_B,"['4nnp_B', '5hdq_A', '4nnp_A']",3
4np4_A,['4np4_A'],1
4nzt_M,"['4nzt_M', '4nzr_M']",2
4o9h_A,"['4o9h_A', '4zs7_A', '8ywq_A', '4cni_C', '8ywr_A', '4cni_D']",6
4ogx_A,"['4ogx_A', '4ogy_A', '4ogy_B']",3
4oii_B,"['4oii_B', '4oii_A']",2
4okv_F,"['4okv_F', '4okv_E']",2
4ot1_A,['4ot1_A'],1
4plj_B,"['4plj_B', '4plj_A']",2
4ps4_A,"['4ps4_A', '5l6y_C', '3l5w_I', '3l5w_J', '3l5x_A', '4i77_Z']",6
4py8_A,"['4py8_A', '3lzf_A', '3gbn_A']",3
4qci_D,"['4qci_D', '4qci_C']",2
4qnp_B,"['4qnp_B', '4qnp_A']",2
4qti_U,"['4qti_U', '2fd6_U', '3bt2_U']",3
4qww_B,"['4qww_B', '4qww_A']",2
4r8w_B,['4r8w_B'],1
4rdq_A,"['4rdq_A', '4rdq_B', '4rdq_C', '4rdq_D', '4rdq_E']",5
4rgm_S,"['4rgm_S', '4rgm_A', '4rgn_A', '4rgn_S', '4rgo_S']",5
4rrp_N,"['4rrp_N', '4rrp_O', '5ucb_B', '4rrp_P', '5uea_X', '4rrp_Q', '5uea_D', '4rrp_R', '5uek_A', '5eii_G', '6ayz_M', '5eii_I', '6ayz_A', '6az2_B', '6az2_D', '4rrp_M']",16
4rwy_A,['4rwy_A'],1
4u6v_B,"['4u6v_B', '4u6v_A']",2
4uta_B,"['4uta_B', '4uta_A']",2
4uu9_D,"['4uu9_D', '4uu9_C']",2
4wv1_C,"['4wv1_C', '4wv1_F']",2
4xak_B,"['4xak_B', '4xak_A', '6c6z_A', '4zpt_R', '4zpt_S', '5yy5_A', '5yy5_B', '7coe_A', '7coe_D', '6c6z_B', '5gmq_A', '5do2_B', '5do2_A']",13
4xmp_G,"['4xmp_G', '4xny_G']",2
4xnm_D,"['4xnm_D', '4xnq_D', '4xnq_C', '4xrc_D', '4xrc_C', '6p3r_E', '6p3r_L', '6a67_B', '6a67_A', '4xnm_C']",10
4xp9_C,"['4xp9_C', '6m38_A', '4xp1_A', '4xph_A', '7wgt_A', '7wlw_A', '6m0z_A', '6m2r_A']",8
4xtr_A,"['4xtr_A', '4xtr_B', '4xvu_A', '4xvu_B', '4xvu_G', '4xvu_H', '4xwo_A', '4xwo_B', '4xwo_G', '4xwo_H', '4xwo_M', '4xwo_N', '4xwo_S', '4xwo_T']",14
4xzu_G,"['4xzu_G', '1iqd_C', '4xzu_M']",3
4ye4_G,['4ye4_G'],1
4yk4_E,"['4yk4_E', '4yk4_A', '6oc3_E', '6oc3_F', '4hkx_E', '6q0o_A', '5w0d_A']",7
4yqx_A,"['4yqx_A', '4yqx_M', '4yue_C']",3
4ywg_G,"['4ywg_G', '4ywg_Q', '3u2s_G', '3u2s_C', '4dqo_C']",5
4yxk_A,"['4yxk_A', '4yxh_A']",2
4z5r_D,"['4z5r_D', '4ypg_C', '4ypg_D', '4z5r_E', '4z5r_F', '4z5r_G', '4z5r_H', '4z5r_I', '4z5r_X', '4z5r_N']",10
4zfg_A,"['4zfg_A', '8vgp_A']",2
4zfo_K,"['4zfo_K', '4zfo_F']",2
4zso_F,"['4zso_F', '4zso_E']",2
5b3j_D,"['5b3j_D', '5b3j_C']",2
5b71_F,"['5b71_F', '5b71_E']",2
5bo1_B,"['5bo1_B', '5bo1_A']",2
5bv7_A,"['5bv7_A', '4xwg_A']",2
5c0n_B,"['5c0n_B', '5c0n_A', '5d8j_A']",3
5cba_E,"['5cba_E', '5cba_F', '5cbe_E', '5cbe_F']",4
5czx_B,"['5czx_B', '5czx_A']",2
5d72_A,"['5d72_A', '5c7x_A', '5c7x_B', '6bfq_G', '6bfq_J', '5d70_A', '6bfq_I', '5d71_A', '6bfq_K', '6bfs_C', '5d72_B']",11
5d93_A,"['5d93_A', '5d93_D', '5d96_D', '5d96_A', '6hf1_A', '6hf1_D']",6
5dfv_A,"['5dfv_A', '6u9s_C', '6u9s_F', '5dfv_B']",4
5dhv_N,"['5dhv_N', '5dhv_M']",2
5dum_A,"['5dum_A', '6iut_A', '5dur_C', '5dur_A']",4
5e8d_A,['5e8d_A'],1
5e8e_H,['5e8e_H'],1
5e94_H,"['5e94_H', '5e94_G']",2
5ec1_C,"['5ec1_C', '5ebw_C', '5ec2_C', '2ih1_C', '2ih3_C', '4lcu_C', '2hvj_C', '5ebl_C', '2atk_C', '2hvk_C', '5ebm_C', '2bob_C', '4lbe_C', '2itd_C', '1r3i_C', '7m2h_C', '1r3j_C', '7m2h_F', '1r3k_C', '2jk5_C', '1r3l_C', '2nlj_C', '3iga_C', '1s5h_C', '1k4c_C', '2w0f_C', '3gb7_C', '7mdj_C', '1k4d_C', '7mhr_C', '7mhx_C']",31
5epm_C,['5epm_C'],1
5eu7_B,"['5eu7_B', '5eu7_A']",2
5f3b_C,"['5f3b_C', '5f3b_D', '5f3h_I', '5f3h_J', '5f3h_K', '5f3h_L']",6
5fb8_C,['5fb8_C'],1
5fcu_G,['5fcu_G'],1
5ggt_A,"['5ggt_A', '8rpb_P', '5x8m_A']",3
5h35_C,"['5h35_C', '5h35_D', '5h35_E']",3
5hbv_B,['5hbv_B'],1
5i9q_A,"['5i9q_A', '6mft_G', '6mft_C', '5i9q_G']",4
5ies_C,"['5ies_C', '6d2p_C', '5if0_G', '5if0_I']",4
5ikc_N,"['5ikc_N', '5ikc_M']",2
5jhl_A,"['5jhl_A', '5gzn_G', '5gzo_A', '7a3u_A', '5gzo_B', '8ee8_Z', '8ee8_B', '8eee_Z', '8eee_E', '5lcv_A', '7bq5_A', '7bq5_B', '5gzn_A', '7a3n_A', '5gzn_B', '5gzn_E']",16
5jq6_A,['5jq6_A'],1
5jxe_B,"['5jxe_B', '5jxe_A', '6hig_B', '6j14_G', '7e9b_C', '6j15_D', '6j15_C']",7
5k59_B,"['5k59_B', '5k59_A', '7t87_A']",3
5k9k_F,"['5k9k_F', '5k9k_I']",2
5kn5_F,"['5kn5_F', '5kn5_C']",2
5kw9_A,['5kw9_A'],1
5l0q_D,"['5l0q_D', '5l0q_A']",2
5ldn_A,['5ldn_A'],1
5lsp_P,"['5lsp_P', '5lsp_A']",2
5lxg_A,"['5lxg_A', '6ks0_A']",2
5mes_A,"['5mes_A', '6fs0_A', '6qb6_A', '5mev_A', '8av9_A']",5
5mhr_E,"['5mhr_E', '5mhr_F', '5mhr_A', '5mhr_B', '5mhr_C', '5mhr_D']",6
5mo9_X,['5mo9_X'],1
5ngv_A,['5ngv_A'],1
5nh3_B,"['5nh3_B', '5nh3_A']",2
5nmv_K,['5nmv_K'],1
5nuz_C,"['5nuz_C', '5en2_C', '5nuz_D', '7qu2_C']",4
5o1r_B,"['5o1r_B', '5o1r_A']",2
5ob5_A,['5ob5_A'],1
5occ_A,['5occ_A'],1
5otj_C,"['5otj_C', '5otj_D']",2
5sx5_N,"['5sx5_N', '5sx4_M', '5sx5_M']",3
5te4_G,['5te4_G'],1
5te7_G,['5te7_G'],1
5th9_A,"['5th9_A', '5th9_B', '5th9_C']",3
5tl5_A,"['5tl5_A', '5tlk_X', '5tlk_Y']",3
5tq0_A,"['5tq0_A', '5b3j_A', '5tpw_A', '5b3j_B']",4
5tud_D,"['5tud_D', '5tud_A']",2
5tz2_C,"['5tz2_C', '8rp8_C', '5tzt_C', '8rp8_D', '5tzt_D', '5tzu_C']",6
5u3j_A,"['5u3j_A', '4g6f_P', '4g6f_F']",3
5u3m_A,['5u3m_A'],1
5u8r_A,['5u8r_A'],1
5ush_A,"['5ush_A', '5ush_X', '5usl_X', '5usl_A', '6b9j_X', '6b9j_Y']",6
5veb_Y,['5veb_Y'],1
5vjq_J,"['5vjq_J', '5vjq_K', '5vjq_L', '5vjo_E', '5vjo_F', '5vjq_I']",6
5vkd_A,['5vkd_A'],1
5vpg_A,"['5vpg_A', '5vph_A', '5vcn_A', '5vcn_B', '5vco_E', '5vco_F']",6
5vpl_A,['5vpl_A'],1
5vqm_A,"['5vqm_A', '7so5_A', '5vqm_B']",3
5vta_A,"['5vta_A', '5vta_B', '5vta_C', '4ffv_A', '5vta_D', '4ffv_B', '4ffw_A', '4ffw_B']",8
5vyf_C,"['5vyf_C', '5vyf_F']",2
5w2b_A,['5w2b_A'],1
5w3e_B,"['5w3e_B', '5w3l_B', '5w3m_B']",3
5w5x_A,['5w5x_A'],1
5w5z_A,['5w5z_A'],1
5w6g_A,"['5w6g_A', '5ugy_A', '5ugy_C', '5ugy_E', '8tpa_A', '8tp5_A', '8tp5_C', '8tp5_G', '8tpa_C', '8tpa_G']",10
5wi9_B,"['5wi9_B', '5wi9_A']",2
5wk3_A,"['5wk3_A', '5wk3_B', '5wk3_C', '5wk3_D']",4
5wt9_G,['5wt9_G'],1
5x2m_A,"['5x2m_A', '5x2m_C', '5x2n_A', '5x2n_C', '5x2o_A', '5x2o_C', '5x2p_A', '5x2p_C', '5x2q_A', '5x2q_C']",10
5xez_B,"['5xez_B', '5xez_A']",2
5xj4_A,['5xj4_A'],1
5xku_A,"['5xku_A', '6wxl_A', '6wxl_C', '6wxl_G', '5vag_A']",5
5xwd_A,"['5xwd_A', '4krp_A', '4uv7_A', '1yy9_A']",4
5yoy_A,"['5yoy_A', '5yoy_B', '5yoy_C', '5yoy_J', '5yoy_K', '5yoy_L', '5wux_E', '5wux_F', '5wux_G', '4g3y_C', '7kpb_A', '7kpb_C']",12
6a0z_A,['6a0z_A'],1
6a77_A,"['6a77_A', '6a78_A', '6a78_B', '6a79_A', '6a79_B']",5
6adb_B,"['6adb_B', '4kkl_B', '1ots_B', '4ene_A', '1ott_A', '4ene_B', '1ott_B', '3det_A', '3det_B', '4lou_A', '4lou_B', '3ejz_A', '3ejz_B', '4kjq_A', '7cvt_A', '4kjq_B', '7cvt_B', '4kk8_A', '4kk8_B', '4kka_A', '6ad7_A', '4kka_B', '6ad7_B', '4kkl_A', '6adb_A']",25
6al5_A,['6al5_A'],1
6apb_C,['6apb_C'],1
6b0s_C,['6b0s_C'],1
6ban_M,"['6ban_M', '6ban_N', '6ban_O', '6ban_P', '6ba5_M', '6ba5_N', '6ba5_O', '6ba5_P']",8
6bf4_A,['6bf4_A'],1
6bgt_C,"['6bgt_C', '1n8z_C', '3be1_A']",3
6blh_G,"['6blh_G', '5wna_A', '5wna_B', '6uvo_D']",4
6c9u_A,['6c9u_A'],1
6cf2_F,['6cf2_F'],1
6ck9_G,['6ck9_G'],1
6cw2_C,['6cw2_C'],1
6cw3_F,"['6cw3_F', '6cw3_H', '6cw2_D']",3
6cxy_C,['6cxy_C'],1
6cyf_A,"['6cyf_A', '6cyf_B', '6cyf_I', '6cyf_Q', '9jbq_C']",5
6dkj_D,"['6dkj_D', '6dkj_C']",2
6e4x_B,"['6e4x_B', '5w08_A', '6xq2_A', '5w08_B', '6xq2_D', '5w08_C', '5w08_D', '5w08_E', '5w08_F']",9
6e56_D,"['6e56_D', '6n5e_B', '6n5e_C', '6ocb_A', '5umn_A', '5umn_B', '6xpx_A', '6e56_A', '4fp8_A', '4fp8_B', '4fp8_C', '4fp8_D', '6n5d_A', '6n5d_B', '6n5d_K', '6n5e_A']",16
6elu_A,"['6elu_A', '6elu_D', '6elu_G', '6elu_J']",4
6ewb_A,"['6ewb_A', '7jie_A', '7jie_B', '6ewb_B', '6ewb_C', '6ewb_D']",6
6fgb_A,['6fgb_A'],1
6fla_I,"['6fla_I', '6fla_G', '6flb_G', '2r29_A', '6flc_G', '6flc_I']",6
6fxn_A,"['6fxn_A', '5y9j_A', '6fxn_B', '6fxn_C', '6fxn_J', '6fxn_K', '6fxn_L']",7
6glw_B,"['6glw_B', '6glw_A', '6gku_A']",3
6gv4_B,['6gv4_B'],1
6h2y_D,['6h2y_D'],1
6h3t_B,"['6h3t_B', '6h3t_A']",2
6hga_B,['6hga_B'],1
6hx4_B,"['6hx4_B', '6hx4_A']",2
6i8s_C,"['6i8s_C', '6i8s_D', '6i8s_A', '6i8s_B']",4
6i9i_C,"['6i9i_C', '6i9i_D', '6iea_A', '6ieb_B', '6ieb_A', '6iek_A', '6iek_D']",7
6iap_A,['6iap_A'],1
6id4_A,"['6id4_A', '1w72_A', '1w72_D', '6id4_E']",4
6id4_B,"['6id4_B', '6id4_F', '3hae_K', '7t0l_B', '7t0l_E']",5
6ion_A,['6ion_A'],1
6iuv_B,"['6iuv_B', '6iuv_A']",2
6iw2_A,"['6iw2_A', '6iw2_D', '6iw2_G', '6iw2_J', '6iw2_M', '6iw2_P']",6
6j5d_A,['6j5d_A'],1
6k0y_C,"['6k0y_C', '8u31_A', '8u32_A', '8u32_D', '6xkr_P', '7vux_A', '8gy5_Q', '8gy5_P', '5ggs_Y', '5ggs_Z', '7wsl_D', '5b8c_C', '5b8c_F', '5b8c_I', '5b8c_L', '6jjp_F', '6jbt_F', '6jjp_C']",18
6k65_A,['6k65_A'],1
6k7o_A,"['6k7o_A', '6k7o_P', '6k7o_R', '6k7o_Q']",4
6ktr_D,"['6ktr_D', '6ktr_C']",2
6kyz_A,"['6kyz_A', '6kyz_D', '6kz0_A', '6kz0_D', '6kz0_G', '6kz0_J']",6
6lyn_D,"['6lyn_D', '6lyn_C']",2
6lz9_B,['6lz9_B'],1
6m3b_A,['6m3b_A'],1
6m58_B,"['6m58_B', '6m58_A']",2
6meh_C,"['6meh_C', '6mei_C', '7rfb_C', '7rfb_D', '8w0v_C', '8w0w_C']",6
6mej_C,['6mej_C'],1
6mi2_F,"['6mi2_F', '6mhr_F', '6mhr_C', '6mi2_C', '7yxu_A']",5
6ml8_A,['6ml8_A'],1
6mlk_A,['6mlk_A'],1
6mtq_T,"['6mtq_T', '6mto_T', '5t85_G', '4m62_S', '4m62_T', '4m8q_C', '5tfw_O', '4m8q_S', '8tzw_C', '5sy8_O', '5t29_O', '5t5b_O', '5t5b_E', '5t6l_G', '5t6l_I', '5t80_G']",16
6mug_G,"['6mug_G', '6muf_G']",2
6n6b_A,['6n6b_A'],1
6n81_B,"['6n81_B', '6n81_A']",2
6nha_A,"['6nha_A', '5whk_A']",2
6nyq_C,['6nyq_C'],1
6o39_C,['6o39_C'],1
6o3b_C,"['6o3b_C', '6o3a_E', '6o3b_H']",3
6o9h_D,"['6o9h_D', '6o9h_C', '6o9i_C']",3
6oor_A,['6oor_A'],1
6osh_K,"['6osh_K', '6osv_K']",2
6otc_A,['6otc_A'],1
6p50_C,"['6p50_C', '6p67_G', '6p67_I', '6p67_J', '6p67_K']",5
6p9h_A,"['6p9h_A', '6p9h_B']",2
6phc_I,"['6phc_I', '6phc_E', '6azz_A', '6azz_D', '6b08_A', '6b0a_A', '6b0g_E', '6b0h_I', '6b0h_J', '7txw_A', '6phb_I', '6phb_E']",12
6pi7_D,"['6pi7_D', '6pi7_A']",2
6pis_B,"['6pis_B', '6pis_A']",2
6plk_E,"['6plk_E', '6jep_E', '6jep_F', '6plk_F', '5kvd_E', '6dfi_E', '5kvf_E', '5kvg_E', '5vig_Z', '5vig_G']",10
6ppg_F,"['6ppg_F', '6ppg_G', '8ruu_X', '8ruu_Y']",4
6pxh_A,"['6pxh_A', '6pxh_B', '6j11_A', '6j11_B', '6j11_C']",5
6pzw_A,"['6pzw_A', '6pze_A', '6pzf_B', '6pzf_A', '6pzw_D', '6pzw_C', '6pzw_B', '6lxj_A', '6lxj_B', '6lxj_C', '6lxj_D']",11
6q0i_A,"['6q0i_A', '6whk_A', '6q0e_A', '6q0h_A', '6q0l_A', '6q18_A']",6
6q20_A,['6q20_A'],1
6qig_A,['6qig_A'],1
6r8x_A,"['6r8x_A', '6aod_C', '6hhc_A']",3
6rlo_L,"['6rlo_L', '6rlo_I', '6rlo_J', '6rlo_K']",4
6rp8_C,"['6rp8_C', '6rp8_c', '5tru_c', '5tru_C', '5ggv_Y', '7su0_C', '7su0_D', '7su1_C']",8
6rps_B,"['6rps_B', '6rps_A']",2
6s3d_M,"['6s3d_M', '6s3d_N', '6s3d_O', '6s3d_P']",4
6s5a_A,"['6s5a_A', '5xmh_A', '5xmh_B', '6s5a_D']",4
6s8i_A,"['6s8i_A', '6s8i_C', '6s8i_E', '6s8j_A', '6s8j_C', '6s8j_E']",6
6sni_X,['6sni_X'],1
6suz_A,['6suz_A'],1
6sv2_A,"['6sv2_A', '4dgi_A', '2w9e_A']",3
6svl_C,"['6svl_C', '6svl_F', '6svl_J', '6svl_N', '6svl_Q', '6svl_R']",6
6tyb_G,['6tyb_G'],1
6u36_B,"['6u36_B', '5vlp_A', '6u2f_A', '6u38_B', '6u3i_A']",5
6u6u_R,['6u6u_R'],1
6u8c_B,"['6u8c_B', '6u8c_A']",2
6uj9_A,['6uj9_A'],1
6umg_c,"['6umg_c', '6umg_C']",2
6umg_r,"['6umg_r', '6umg_R']",2
6umx_B,"['6umx_B', '6umx_A']",2
6ute_S,"['6ute_S', '1ztx_E']",2
6uyf_E,['6uyf_E'],1
6uym_F,"['6uym_F', '6uym_E', '6uyd_F', '6uyd_E']",4
6uyn_B,"['6uyn_B', '6uyn_A']",2
6v4n_I,"['6v4n_I', '6v4n_M', '6v4n_N', '6v4n_W', '6v4o_I', '6v4o_M', '6v4o_N', '6v4o_W']",8
6v4p_B,['6v4p_B'],1
6vep_E,"['6vep_E', '6vep_K', '6vep_Q', '6vep_W', '7kd6_E', '7kd6_K', '7kd6_Q', '7kd6_W']",8
6vgr_B,"['6vgr_B', '6vgr_A']",2
6vmj_W,"['6vmj_W', '6vmj_X', '6vmj_Y', '6vmj_Z', '4d9q_A', '4d9q_B', '4d9r_A', '4d9r_B']",8
6vn1_A,"['6vn1_A', '6vn1_B', '6vn1_C']",3
6vtw_A,['6vtw_A'],1
6vug_B,"['6vug_B', '1n6q_B', '1hys_B', '1r0a_B', '3klh_B', '2hmi_B']",6
6vy4_A,"['6vy4_A', '6vy4_B', '6vy6_A', '6cmg_A', '6cmi_B']",5
6vzi_G,['6vzi_G'],1
6w00_G,['6w00_G'],1
6w9g_A,"['6w9g_A', '6w9g_B', '6w9g_C', '7sgm_A', '7sgm_B', '7sgm_C']",6
6was_G,"['6was_G', '6was_J', '6xsn_C']",3
6wbv_A,['6wbv_A'],1
6wgl_C,['6wgl_C'],1
6wh9_G,"['6wh9_G', '6wh9_D', '6wh9_A']",3
6wit_I,"['6wit_I', '6wit_C']",2
6wix_G,['6wix_G'],1
6wmw_B,['6wmw_B'],1
6wo5_F,"['6wo5_F', '6wo5_E']",2
6woz_G,"['6woz_G', '6wtu_A', '6wtu_G', '6wtu_J', '6wtu_D', '6wm9_A', '6wm9_D', '6woz_J', '6woz_D', '6woz_A']",10
6wxl_B,"['6wxl_B', '6wxl_D', '6wxl_I']",3
6wzj_F,"['6wzj_F', '6wzj_E']",2
6wzk_F,"['6wzk_F', '6wzk_E']",2
6wzl_F,"['6wzl_F', '6wzl_E']",2
6wzm_F,"['6wzm_F', '6wzm_E']",2
6xcj_G,['6xcj_G'],1
6xlq_A,"['6xlq_A', '6xlq_D', '6xlq_G', '6xlq_J']",4
6xmi_C,"['6xmi_C', '6xmi_F']",2
6xp6_A,"['6xp6_A', '8w84_C', '8w85_C', '8w85_G', '8w86_C', '8w86_G', '6xp6_D', '8w83_C', '8w83_G', '8w83_K', '8w83_O']",11
6xp6_E,"['6xp6_E', '8w85_D', '6xp6_B']",3
6xq0_D,"['6xq0_D', '4m5z_A', '6xq0_A', '7trh_G']",4
6xsw_C,"['6xsw_C', '6xsw_F', '6xsw_J', '6xsw_X']",4
6xxv_F,"['6xxv_F', '6xxv_C']",2
6y9b_A,"['6y9b_A', '6y9b_B', '8ucd_C', '6y9b_C']",4
6ye3_C,"['6ye3_C', '6ye3_F', '6ye3_I', '5utz_D', '5utz_A', '5utz_E', '5lqb_A', '7dr4_G', '7dr4_I', '7dr4_J', '7dr4_K']",11
6yio_B,['6yio_B'],1
6yx9_A,"['6yx9_A', '6yxd_A', '6ks1_A', '5lwy_A']",4
6z3q_A,['6z3q_A'],1
6z3q_C,['6z3q_C'],1
6z7w_N,"['6z7w_N', '6z7w_P', '6z7y_F', '6z7y_H', '6z7z_F', '8oni_B', '6z7z_H', '8oni_F']",8
6ztr_J,"['6ztr_J', '6ztr_I']",2
7a0y_A,"['7a0y_A', '7a0w_A', '7a0w_B', '7a0x_A', '7a0x_B', '7a0y_B']",6
7a3o_A,['7a3o_A'],1
7a3q_A,"['7a3q_A', '7a3q_B']",2
7ahu_E,"['7ahu_E', '7ahu_C']",2
7ahu_F,"['7ahu_F', '7ahu_D']",2
7amp_B,"['7amp_B', '7amq_B', '7amr_B', '7ams_B']",4
7bbg_A,['7bbg_A'],1
7bbj_A,"['7bbj_A', '6vc9_A', '7bbj_B', '6hxw_A', '6hxw_B']",5
7bsc_A,['7bsc_A'],1
7bsd_I,"['7bsd_I', '7bsd_G']",2
7c61_A,['7c61_A'],1
7c88_M,"['7c88_M', '5xxy_A', '7c88_C', '7yds_A']",4
7ce2_A,['7ce2_A'],1
7cj2_B,"['7cj2_B', '7cj2_A']",2
7d85_D,"['7d85_D', '7d85_A']",2
7daa_A,['7daa_A'],1
7dc8_F,"['7dc8_F', '7dc8_C']",2
7df1_D,"['7df1_D', '7df1_C']",2
7dm1_B,"['7dm1_B', '7dm1_A', '7dm2_A']",3
7duo_B,['7duo_B'],1
7e72_E,"['7e72_E', '7e72_F']",2
7e7x_B,"['7e7x_B', '7e7x_A']",2
7e7y_R,"['7e7y_R', '7e7y_E', '7ch5_R', '7chb_R', '7chc_R', '7ean_A', '7chf_R', '7djz_C', '7dk2_C', '7dk2_F', '7dk2_I', '7dk2_L', '6xkp_B', '7s4s_A', '6xkq_A', '7s5r_A', '8gf2_A', '8gf2_B', '8bse_A', '7tp3_Z', '7lm8_A', '7lop_Z', '7lop_A', '7kn3_A', '6xc3_C', '7kn3_B', '6xc4_A', '7kn4_A', '6xc4_Z', '7jmo_A', '7kn4_B', '6xc7_A', '7jmp_A', '7kn6_A', '7jmw_A', '7kn7_A', '6xkp_A', '7s5p_A', '7s5q_A', '8bsf_A', '7np1_A', '7np1_B', '7np1_C', '7np1_D', '7ul0_A', '7sd5_A', '7ul1_A', '7f6y_R', '7e5o_A', '8hes_C', '7r6w_R', '7r6x_R', '7m7w_S', '7m7w_R', '7urq_A', '7kfv_A', '7kfv_B', '7kfv_E', '7kfw_A', '7kfw_B', '7kfw_E', '7kfx_A', '7kfy_A', '7eam_A', '7c01_A', '7xsc_F', '7c01_B', '7eam_B', '7b0b_F', '8el2_A', '8el2_B', '7k9z_E', '7bz5_A', '7wvl_F', '8hrd_A', '7urs_A', '8hrd_B', '8hrd_K', '8hrd_T', '7xeg_A', '7xeg_B', '7xei_A', '7xei_B', '7xil_A', '7x63_R', '7l0n_S', '7l0n_R', '7uzc_A', '7uzc_B', '7uzd_A', '7cm4_A', '7wn2_R', '7wn2_A', '7wnb_R', '7bnv_A']",95
7ec5_A,['7ec5_A'],1
7ec5_B,"['7ec5_B', '6wds_B']",2
7ec5_C,"['7ec5_C', '6wds_C']",2
7fjc_E,"['7fjc_E', '7e8m_E']",2
7jkt_G,"['7jkt_G', '4xvs_G']",2
7joo_C,['7joo_C'],1
7jtg_E,"['7jtg_E', '6bkb_E', '6bkc_E', '6wo3_E', '6wo4_E']",5
7k37_A,"['7k37_A', '5y2l_A', '7k37_C', '7k37_E', '7k39_A', '1qfu_A', '7k39_C', '7k39_E', '1eo8_A', '6nz7_E', '5k9q_A', '5k9q_O', '5k9q_Q']",13
7k7h_C,"['7k7h_C', '7k7h_A']",2
7kf1_V,"['7kf1_V', '7kf1_C', '7kf1_F', '7kf1_J', '7kez_V', '7kf0_V', '7kf0_C']",7
7ki6_A,"['7ki6_A', '7ki6_B', '7ki6_E']",3
7kpj_F,"['7kpj_F', '7kpj_E']",2
7kq7_B,['7kq7_B'],1
7kqg_A,"['7kqg_A', '4fqj_A']",2
7kql_T,['7kql_T'],1
7kyl_Z,"['7kyl_Z', '7kyl_E']",2
7kyo_B,['7kyo_B'],1
7l0l_B,"['7l0l_B', '7l0l_E', '7l0l_F']",3
7l7r_G,"['7l7r_G', '8jlx_A', '8jlw_A']",3
7lcv_C,"['7lcv_C', '2ypv_A', '5o14_A', '5o14_B', '5t5f_A', '7ket_C', '8up2_C', '6xzw_D', '8up2_F']",9
7lf7_K,"['7lf7_K', '7lf7_M', '7lfa_A', '7lfa_C', '7lfb_X']",5
7lf8_A,['7lf8_A'],1
7lkf_A,['7lkf_A'],1
7lm9_A,"['7lm9_A', '7y3n_A', '7y3n_B', '7y3n_E', '7jn5_F']",5
7lr3_D,"['7lr3_D', '7lr3_C', '7lr4_C', '7lr4_D']",4
7lse_E,"['7lse_E', '7lsf_E']",2
7lsg_C,"['7lsg_C', '6j5f_A']",2
7ly3_B,"['7ly3_B', '7ly3_A']",2
7m3n_A,['7m3n_A'],1
7mlh_B,"['7mlh_B', '7mlh_F', '6oy4_A']",3
7mmo_C,"['7mmo_C', '7mmo_F', '7kmg_C', '7kmg_F', '7kmh_C', '7kmi_C', '7b3o_E', '7s0b_E', '7u2e_A', '8xse_A', '8gb6_A', '8xsf_B', '8bg1_C', '8xsi_B', '8bg1_F', '7jx3_R', '8bg1_I', '8cwi_A', '8qh0_A', '7cdi_E', '7u8e_A', '8bg1_L', '6yla_E', '7msq_A', '6yla_A', '7msq_B', '7wbz_A', '8cwk_C', '8cwv_A', '7mzf_A', '7mzg_A', '8siq_A', '7mzh_E', '8sit_A', '7cho_E', '7mzh_A', '7sbu_A', '8sit_C', '7cho_A', '7kzb_C', '7mzi_A', '7yck_A', '8sit_D', '7chp_E', '7mzj_B', '7yck_B', '7chs_E', '7mzj_A', '7ycl_R', '8fhy_I', '7mzk_B', '7tp4_Z', '7ycl_D', '8elo_A', '8fhy_A', '7mzk_A', '8elp_A', '8fhy_D', '7klh_B', '7mzm_A', '8elq_A', '7klh_A', '8a96_C', '8eoo_C', '7qez_A', '8dxt_R', '8eoo_D', '7qf0_A', '8dxu_R', '7fcq_A', '7n3i_C', '7qf1_A', '7n4i_C', '7qf1_F', '7t01_A', '7n4j_A', '7qnx_E', '7mf1_A', '7qny_E', '8sdf_Z', '7s0b_F', '8sdf_A', '8sdg_C', '8sdg_D', '7bwj_E', '7t7b_A', '8sdh_A', '7u2d_A', '8sdh_B', '7l7d_E', '7l7e_G', '7l7e_K', '7l7e_S', '7l7e_b']",94
7mrz_C,['7mrz_C'],1
7n0u_C,['7n0u_C'],1
7nx3_F,"['7nx3_F', '7nx3_A']",2
7o4y_K,['7o4y_K'],1
7o52_U,['7o52_U'],1
7o9s_A,['7o9s_A'],1
7ox1_G,"['7ox1_G', '7ox1_X', '7ox1_Y', '7ox1_Z', '7ox3_C']",5
7ox4_C,['7ox4_C'],1
7phu_A,['7phu_A'],1
7pi7_D,"['7pi7_D', '5tih_A', '8cdd_B', '7phw_A', '7phw_D', '7pi7_A']",6
7q0i_C,"['7q0i_C', '7q0i_D']",2
7q6c_A,['7q6c_A'],1
7q6e_A,"['7q6e_A', '7q6e_B', '7q6e_C', '8cim_C', '8r1c_A', '8r1c_B', '8r1c_C', '8r1d_A', '8r1d_B', '8r1d_C', '8cim_A', '8cim_B', '7jv6_A', '7jv6_B', '7jv6_E', '7k43_A', '7k43_B', '7k43_E', '7lxx_A', '7mjl_A', '7r40_C', '7lxy_A', '7tb8_A', '7lxy_B', '7tb8_B', '9c44_A', '7lxy_J', '7tb8_C', '9c44_B', '7kqb_C', '7lxz_A', '7sob_A', '9c44_C', '7kqe_A', '7lxz_B', '7sob_D', '7kqe_B', '7lxz_K', '7sob_K', '7kqe_C', '7ly0_A', '8tm1_A', '7ly2_A', '8tm1_B', '7ly2_B', '7ly2_J', '7enf_B', '7l2e_A', '7m71_A', '7l2e_B', '7m71_B', '8a99_A', '7l2e_C', '7m7b_A', '8a99_B', '8hgl_A', '8a99_C', '8hgl_B', '8hgl_E', '7n8h_A', '7n8h_F', '7n8h_K', '7n8i_A', '7mjk_A', '8q5y_D', '7mjk_B', '7r40_A', '8q5y_E', '7lxw_A', '7mjk_C', '7nd9_B', '7r40_B', '8q5y_C', '7upw_B', '7czt_C', '7czw_A', '7upw_C', '7czw_C', '7czx_A', '7czx_B', '7czx_C', '7d00_A', '7d00_C', '7epx_A', '7x08_A', '8yww_A', '7epx_B', '7x08_B', '8yww_B', '7x08_C', '7czp_A', '7czp_C', '7czq_A', '7czq_C', '7czt_A', '7upw_A', '8keo_B', '7wpf_C', '7wrv_C', '8keo_A', '7tly_I', '7xco_A', '8keo_C', '7xco_B', '8kep_A', '7xco_C', '9fjk_A', '9fjk_B', '7xh8_A', '7wlz_B', '7wpe_A', '7wpe_B', '7wpf_A', '7wpf_B', '8ker_C', '8ker_A', '8ker_B', '8h07_A', '8h07_B', '8h07_C', '7v23_A', '7v23_B', '7v23_C', '8hhy_B', '8hhy_A', '7so9_A', '7so9_F', '7so9_K', '7wwl_A', '7wwl_B', '7wwl_C', '7wwm_A', '7wwm_B', '7wwm_C']",134
7qu1_C,['7qu1_C'],1
7quh_A,['7quh_A'],1
7r58_A,['7r58_A'],1
7rah_E,['7rah_E'],1
7rew_I,"['7rew_I', '7rew_G']",2
7rp3_A,"['7rp3_A', '7rp2_A', '7mdp_A', '7yv1_A']",4
7rt9_Z,"['7rt9_Z', '7rt9_Y']",2
7rxi_A,"['7rxi_A', '7rxj_I', '7rxj_G', '7rxl_E', '7rxl_F', '7rxp_A', '7s0x_E', '7s0x_F']",8
7s13_D,"['7s13_D', '7s13_C']",2
7s7i_A,"['7s7i_A', '7s7i_B', '7s7i_C', '7s7i_D', '7s7i_E', '6ddm_C', '7s7i_F', '6ddr_C', '6ddv_C']",9
7s8h_A,['7s8h_A'],1
7s8h_a,['7s8h_a'],1
7sem_F,['7sem_F'],1
7shu_A,"['7shu_A', '5hys_G', '7shu_B']",3
7shy_A,"['7shy_A', '5anm_E', '5anm_F', '5anm_G', '5hys_J', '5hys_K', '7shy_G', '7shy_H', '7shy_B', '7shz_B', '7shz_A', '7shz_H', '7shz_G', '7si0_B', '7si0_G', '7si0_H', '7si0_A']",17
7st5_F,"['7st5_F', '7st5_A', '6bit_H', '6bit_G', '6nmr_S', '7kpg_S', '6nmr_E', '6nmr_I', '6nmr_M', '6nms_S', '6nms_C', '6nmu_S', '6nmu_C', '6nmv_S']",14
7str_C,"['7str_C', '7sts_C', '7sts_D', '7sue_C', '7sue_D', '7sue_J', '7sue_K', '7n3c_C', '7n3d_C', '7cr5_A']",10
7syz_A,"['7syz_A', '7syy_A']",2
7t0l_D,"['7t0l_D', '7t0l_A']",2
7tr4_A,"['7tr4_A', '3gjf_A', '3gjf_D', '8eb2_A', '3hae_A', '8eb2_D', '3hae_D', '8eb2_G', '3hae_J', '3hae_P', '7re7_A', '8fja_A']",12
7ttm_A,['7ttm_A'],1
7ttx_A,['7ttx_A'],1
7tuf_C,"['7tuf_C', '7tuf_D']",2
7tuy_R,['7tuy_R'],1
7u5b_I,"['7u5b_I', '7u5b_J']",2
7ued_M,['7ued_M'],1
7uij_D,"['7uij_D', '7uij_C']",2
7ujd_A,['7ujd_A'],1
7ujk_A,"['7ujk_A', '7ujk_C', '7uk9_A', '7u60_A', '7uk9_C', '7tct_A', '7u60_C', '7uko_A', '7tct_C', '7uko_C', '7td8_A', '7u9f_A', '7ukp_A', '5hdb_A', '7td8_C', '7u9f_C', '7ukp_C', '5hdb_C', '7tho_A', '7u9v_A', '7ukt_A', '2vdk_A', '7tho_C', '7u9v_C', '7ukt_C', '2vdl_A', '2vdm_A', '7tmz_A', '2vdn_A', '3t3m_A', '7tmz_C', '7ubr_A', '2vdo_A', '3t3m_C', '7ubr_C', '2vdp_A', '3t3p_A', '7ucy_A', '2vdq_A', '3t3p_C', '7ucy_C', '2vdr_A', '7udg_A', '3zdx_A', '7tpd_A', '7udg_C', '3zdx_C', '7tpd_C', '7udh_A', '3zdy_A', '7udh_C', '3zdy_C', '7ue0_A', '3zdz_A', '7ue0_C', '3zdz_C', '3ze0_A', '4z7n_A', '7ufh_A', '3ze0_C', '4z7n_C', '7ufh_C', '3ze1_A', '4z7o_A', '7uh8_A', '3nid_A', '3ze1_C', '4z7o_C', '7uh8_C', '3nid_C', '3ze2_A', '4z7q_A', '3nif_A', '3ze2_C', '4z7q_C', '7l8p_A', '3nif_C', '7l8p_C', '3nig_A', '7uje_A', '3nig_C', '7uje_C']",82
7ul3_A,['7ul3_A'],1
7unb_R,"['7unb_R', '7uxl_R', '6e62_P', '6e62_A', '6e63_P', '6e63_A']",6
7uot_A,"['7uot_A', '7uot_C', '7uov_A', '7uov_B', '7uov_C', '7tyv_A', '7tyv_B', '7tyv_C']",8
7uot_a,"['7uot_a', '7uot_b', '7uot_c', '7uov_a', '7uov_b', '7uov_c']",6
7usl_C,['7usl_C'],1
7uvf_B,"['7uvf_B', '7uvf_A']",2
7uvh_C,"['7uvh_C', '6ohg_A', '7uvi_C', '7uvi_F', '7uvo_C', '7uvs_C', '7uvs_F']",7
7v5j_A,"['7v5j_A', '7v5j_B', '7v5j_C', '7v5k_A', '7v5k_B', '7v5k_C']",6
7vgr_A,"['7vgr_A', '7vgr_B', '7vgs_A', '7vgs_B']",4
7wg3_I,"['7wg3_I', '7wg3_J', '7wg3_K', '7wg3_L']",4
7wkx_E,"['7wkx_E', '2vxs_A', '2vxs_B', '7wkx_F', '2vxs_C', '2vxs_D', '6wio_C', '5n7w_X', '5n7w_Y', '6wir_C']",10
7wn8_C,"['7wn8_C', '7wn8_A']",2
7wtf_B,"['7wtf_B', '7wtf_C', '7wtf_D', '7zjl_A', '7zjl_B', '7zjl_C', '8hpv_A', '8hpv_B', '8hpv_C', '7uap_A', '7uap_B', '7uz6_A', '7uz6_B', '7k9j_A', '7uz6_C', '7k9j_B', '7uz7_A', '7k9j_C', '7uz7_B', '7uz7_C', '7xdb_A', '7xdb_C', '7xdb_B', '8c2r_B', '8c2r_A', '8h3n_C', '8h3n_A', '8khc_B', '8khc_A']",29
7wvg_B,"['7wvg_B', '8gv7_B']",2
7x1m_M,"['7x1m_M', '7x66_R', '8v4f_A', '7y0c_E', '7y0c_R', '7yad_M', '7yad_E', '8c0y_A', '7yd1_C', '7qnw_E', '7y0v_R', '7tn0_S', '7tn0_I', '7xik_A']",14
7x25_G,"['7x25_G', '7x25_I', '7x25_J', '7x28_F', '7x28_G', '7x29_B', '7x29_C', '7x2a_A']",8
7x8p_D,"['7x8p_D', '7x8p_A']",2
7x8q_A,"['7x8q_A', '7x8q_D', '7x8t_A', '7x8t_D', '7x8t_G', '7x8t_J']",6
7xck_M,['7xck_M'],1
7xjf_C,['7xjf_C'],1
7xnf_A,['7xnf_A'],1
7xrz_Y,"['7xrz_Y', '6cbv_B', '7xrz_X']",3
7xsa_J,"['7xsa_J', '7xsa_E', '7f6z_R']",3
7xw6_R,"['7xw6_R', '7t9n_R']",2
7xy8_B,"['7xy8_B', '7xy8_A']",2
7yms_A,['7yms_A'],1
7yru_A,['7yru_A'],1
7z2m_I,"['7z2m_I', '7z2m_J', '7z2m_K', '7z2m_G', '4qhu_D', '4qhu_C']",6
7zli_A,['7zli_A'],1
7zoz_A,['7zoz_A'],1
7zqt_E,"['7zqt_E', '7zqt_A']",2
7zwi_D,"['7zwi_D', '7zwi_A']",2
7zxk_C,"['7zxk_C', '7zxk_A']",2
7zxu_E,"['7zxu_E', '8hpu_A', '8hws_A', '8xsj_B', '8qh1_E']",5
8a1e_A,['8a1e_A'],1
8a44_A,['8a44_A'],1
8aci_A,"['8aci_A', '8acf_A']",2
8ahn_A,['8ahn_A'],1
8ath_B,"['8ath_B', '8ath_A']",2
8b7h_A,['8b7h_A'],1
8be1_F,"['8be1_F', '8be1_C', '7neg_E', '7neh_E', '7pqy_E', '7pqy_A', '7pr0_E', '7pr0_A', '7pr0_D', '7ps0_E', '7ps0_A', '7nx6_E', '7ps1_E', '7nx7_E', '7ps2_G', '7nx8_E', '7ps4_E', '7nx9_E', '7ps4_A', '7nxa_E', '7ps6_E', '7nxb_E', '7q0g_E', '7bej_E', '7bek_E', '7bel_R', '7or9_E', '7bel_X', '7ora_R', '7bem_E', '7ora_C', '6zcz_E', '7ben_E', '7orb_R', '7ben_C', '7orb_X', '7bep_E', '7bep_C', '7ek0_R', '8cwj_I', '8cwj_G', '8dcc_E', '7r8l_E', '7e86_C', '8hq7_A', '7y3o_A', '7ycn_J', '7ycn_A', '7ycn_B', '7cjf_C', '7ycn_G', '8hn6_E', '8hn6_F', '7x2h_E', '7xs8_E', '8hn7_E', '7x2h_F', '8hn7_F', '7x2k_E', '6z2m_E', '6z2m_A', '7f7e_E', '8x0y_A', '8x0y_B', '7e3o_R', '7z0y_R', '7z0x_R']",67
8bk2_A,"['8bk2_A', '8bk2_B', '8bk2_C']",3
8byu_A,"['8byu_A', '7dha_A']",2
8c7h_D,['8c7h_D'],1
8c7h_I,['8c7h_I'],1
8c7m_B,"['8c7m_B', '8c7m_A']",2
8caf_G,"['8caf_G', '8caf_F']",2
8caf_H,"['8caf_H', '8caf_E']",2
8cz5_A,['8cz5_A'],1
8d1t_A,['8d1t_A'],1
8d7e_C,['8d7e_C'],1
8d9y_I,"['8d9y_I', '8d9y_J', '8d9y_K', '8d9y_L']",4
8d9z_D,['8d9z_D'],1
8da0_E,['8da0_E'],1
8da1_I,['8da1_I'],1
8dao_F,"['8dao_F', '2xtj_C', '8dao_H']",3
8db4_F,"['8db4_F', '8db4_E', '8g4p_E']",3
8dcn_F,"['8dcn_F', '8dcn_C']",2
8de4_A,"['8de4_A', '7txt_S']",2
8df5_S,"['8df5_S', '8df5_R', '8e1g_A', '7wph_A', '7wph_B', '7m3i_C', '7m3i_R', '7fcp_A', '8e1g_B', '6xe1_E', '7xsc_E']",11
8dfg_A,"['8dfg_A', '8dfh_A', '8dfi_A', '8dfg_B']",4
8dg9_A,"['8dg9_A', '8dg9_B', '8dg9_C', '7lue_A', '7lue_B', '7lue_C']",6
8djg_F,"['8djg_F', '8djg_E']",2
8dk6_E,['8dk6_E'],1
8dn6_B,"['8dn6_B', '8dn6_A']",2
8dn7_C,"['8dn7_C', '8dn7_E']",2
8dpl_I,"['8dpl_I', '8dpl_D', '8dpl_M', '8dpm_F', '8dpm_A', '8dpm_K']",6
8ds5_A,['8ds5_A'],1
8dz3_I,"['8dz3_I', '8dyx_I']",2
8e6j_A,"['8e6j_A', '8e6j_B', '8e6j_C', '8e6j_D', '6lxi_B', '6lxi_A']",6
8e8r_1,"['8e8r_1', '8e8x_1']",2
8e8r_2,['8e8r_2'],1
8e8s_2,['8e8s_2'],1
8e8y_1,"['8e8y_1', '8e8s_1']",2
8ee0_A,"['8ee0_A', '8ee1_A', '8ee1_D']",3
8f38_A,"['8f38_A', '8f38_B', '8f38_C']",3
8f5i_B,"['8f5i_B', '8f5i_A']",2
8f5n_A,['8f5n_A'],1
8f6l_C,"['8f6l_C', '8f60_C', '8f6o_C']",3
8fdo_C,['8fdo_C'],1
8ffe_A,['8ffe_A'],1
8fgx_C,['8fgx_C'],1
8fr6_A,"['8fr6_A', '8g4m_A', '8fr6_B', '8g4m_B', '8fr6_F', '8g4m_F', '8euu_B', '8euu_D', '8g4t_A', '8euu_F', '8g4t_B', '8g4t_F', '8euv_B', '8euv_D', '8euv_F', '8euw_B', '8euw_D', '8euw_F']",18
8g3p_E,"['8g3p_E', '8g3q_E', '8g3q_G', '8g3q_F', '8g3r_G', '8g3v_G', '8g3v_H', '8g3v_I', '8g3v_J', '8g40_G', '8g40_H', '8g40_I', '8g3m_G', '8g3m_J', '8g3m_L', '8g3n_G', '8g3n_J', '8g3n_K', '8g3n_L', '8g3p_B', '8g3p_A', '8g3p_D']",22
8g3z_A,"['8g3z_A', '8g3z_B', '8g3z_C', '8g3z_D']",4
8g8d_C,"['8g8d_C', '8g8d_P']",2
8gat_A,['8gat_A'],1
8gav_A,['8gav_A'],1
8gkl_E,['8gkl_E'],1
8gs9_A,['8gs9_A'],1
8gye_A,"['8gye_A', '8gye_D', '6a3w_C', '6a3w_F', '6a3w_I', '6a3w_L']",6
8h7l_A,"['8h7l_A', '8h7l_B', '8h7l_C', '7lab_C', '7lab_A', '7lab_B', '8cin_A', '8cin_B', '8cin_C', '8hpq_A', '8hpq_B', '8hpq_C', '7whb_A', '7whb_B', '7whb_C', '7whd_A', '7whd_B', '7whd_C', '8xi6_A', '8xi6_B', '8xi6_C', '8hp9_B', '8hp9_A']",23
8hpk_A,['8hpk_A'],1
8hrx_A,"['8hrx_A', '7zyi_A']",2
8hrx_B,['8hrx_B'],1
8hwt_A,"['8hwt_A', '8gb8_E', '7zf8_E', '8hpf_A', '8bh5_E', '8we4_B', '8wpw_R', '9atm_R', '9au1_R', '8s9g_E']",10
8i5h_R,"['8i5h_R', '8i5h_A', '8i5h_D', '8qrg_E', '8c3v_R', '8c3v_X', '8c3v_Y', '8cbf_E', '8cii_E', '8bbo_R', '8bcz_R', '7xda_A']",12
8iuy_A,"['8iuy_A', '8iuz_A', '8iv0_A']",3
8j7t_A,"['8j7t_A', '8j7t_B', '8j7v_A', '8j7v_B', '8j7w_A', '8j7w_B', '8j80_A', '8j80_B']",8
8j8r_A,"['8j8r_A', '8j8r_B', '8j8r_C']",3
8ja5_A,"['8ja5_A', '8k0d_A', '8ja5_D', '8k0d_B']",4
8jel_J,"['8jel_J', '7vyt_A', '7vyt_T', '8jel_E', '8jel_H', '8jel_L', '8jen_I', '8jen_J', '8jen_M', '8jen_P', '8jeo_A', '8jeo_D', '8szy_T', '8szy_U']",14
8jnk_A,"['8jnk_A', '8jnk_C', '8jnk_E', '8jnk_G']",4
8jxs_A,['8jxs_A'],1
8jxs_C,['8jxs_C'],1
8jyr_A,['8jyr_A'],1
8k3c_B,['8k3c_B'],1
8kdm_B,"['8kdm_B', '8kdm_A']",2
8ol9_H,['8ol9_H'],1
8oxv_A,"['8oxv_A', '8oxw_A', '8oxy_A']",3
8oxx_A,['8oxx_A'],1
8pg0_A,['8pg0_A'],1
8qcm_A,"['8qcm_A', '8q7b_B', '8q7b_A', '8qcm_B', '8u2c_A', '8u2c_B', '8pxo_B', '8pxo_A', '8py4_B', '8py4_A']",10
8qya_A,['8qya_A'],1
8r8d_A,"['8r8d_A', '8r8d_B']",2
8r9y_A,['8r9y_A'],1
8r9z_A,['8r9z_A'],1
8s6m_R,['8s6m_R'],1
8sak_B,['8sak_B'],1
8sgi_A,['8sgi_A'],1
8sgn_G,"['8sgn_G', '8sic_E', '8sic_G']",3
8sgo_B,"['8sgo_B', '8sgo_D', '8si9_B', '8si9_D', '8sid_B', '8sid_D', '6x3t_B', '6x3t_D', '6x3x_B', '6x3x_D', '6x40_B', '6x40_D', '8dd2_B', '8dd2_D']",14
8slb_A,['8slb_A'],1
8sxp_C,['8sxp_C'],1
8t03_A,"['8t03_A', '8t03_B', '8t04_A', '8t04_B']",4
8t9z_A,['8t9z_A'],1
8tbq_Q,"['8tbq_Q', '6mvl_A', '8tbq_P']",3
8tco_A,['8tco_A'],1
8tco_B,['8tco_B'],1
8tco_C,['8tco_C'],1
8tfl_B,['8tfl_B'],1
8tfn_B,['8tfn_B'],1
8tft_G,"['8tft_G', '8tft_F', '8tbb_D']",3
8tlm_C,['8tlm_C'],1
8too_I,"['8too_I', '8too_J', '8too_K', '8too_L']",4
8tp7_A,"['8tp7_A', '8tp7_B', '8tp7_C']",3
8tpa_B,"['8tpa_B', '8tpa_F', '8tpa_K']",3
8tq7_A,"['8tq7_A', '8tq7_C', '8tq8_A', '8tq8_C']",4
8tq9_B,['8tq9_B'],1
8tqa_A,['8tqa_A'],1
8trt_E,"['8trt_E', '8trt_D', '8trs_D']",3
8ts0_A,['8ts0_A'],1
8ttw_A,"['8ttw_A', '6v8z_A', '6v8z_G', '6v8z_M', '8ttw_E', '8ttw_I', '6nm6_G', '8g4m_C', '8g4m_G', '6mtj_G', '6nnf_G', '8g4m_I', '5v7j_G', '6mtn_G', '6nnj_G', '8euu_A', '6mu6_G', '6mu7_G', '6mu8_G', '8euv_A', '8g4t_C', '8g4t_G', '8g4t_I', '6w03_G']",24
8tui_A,['8tui_A'],1
8tv1_C,['8tv1_C'],1
8tx3_B,"['8tx3_B', '8tx3_D', '8tx3_I']",3
8txp_A,['8txp_A'],1
8u03_C,['8u03_C'],1
8u1c_A,['8u1c_A'],1
8udz_B,"['8udz_B', '8udz_A']",2
8uky_D,"['8uky_D', '8uky_C']",2
8ulj_B,"['8ulj_B', '8t7a_a', '8wsq_F', '8t7a_b', '8t7a_c']",5
8urf_A,['8urf_A'],1
8ut3_C,['8ut3_C'],1
8v2e_F,"['8v2e_F', '8v2e_C']",2
8v52_B,"['8v52_B', '8v52_A']",2
8v5q_G,['8v5q_G'],1
8v9d_A,"['8v9d_A', '8v91_B', '8v91_C', '8v9d_B', '8v9d_C', '8v9d_D']",6
8vcr_A,"['8vcr_A', '8vcr_B', '8vcr_C']",3
8vdl_C,['8vdl_C'],1
8vgh_A,"['8vgh_A', '8vgk_D', '8vgh_B', '8vgh_C', '8vgh_D', '8vgi_A', '8vgi_B', '8vgi_C', '6o1f_A', '8vgi_D', '8vgj_A', '8vgj_B', '8vgj_C', '8vgj_D', '8vgk_A', '8vgk_B', '8vgk_C', '6vvu_A', '6vvu_B', '6vvu_D', '6vvu_C']",21
8vgl_A,"['8vgl_A', '8vgl_C', '8vgm_A', '8vgm_C']",4
8vgn_G,"['8vgn_G', '8vgn_I', '8vgo_G', '8vgo_I']",4
8vqd_A,['8vqd_A'],1
8vsj_A,['8vsj_A'],1
8vvk_A,"['8vvk_A', '8vvk_B', '8vvl_A']",3
8vvm_I,"['8vvm_I', '8vui_D']",2
8vyn_A,"['8vyn_A', '8vyn_B', '8vyn_C']",3
8vzo_A,"['8vzo_A', '8vzn_A']",2
8w86_D,"['8w86_D', '8w84_D', '8w85_H', '8w86_H', '8w83_D', '8w83_H', '8w83_L', '8w83_P']",8
8wo4_E,"['8wo4_E', '8wo4_F', '8jkf_a', '8jkf_A', '8jkf_B', '8jkf_b', '8jkh_A', '8jkh_a', '8jkh_B', '8jkh_b', '8jqn_a', '8jqs_a', '8jqs_A']",13
8wre_A,['8wre_A'],1
8x0t_A,['8x0t_A'],1
8xn9_A,"['8xn9_A', '8xn9_B', '8xn9_C', '8xnh_A', '8xnh_B', '8xnh_C', '7ki4_A', '7ki4_B', '7ki4_E', '7upk_D', '7upb_A', '7upb_D', '7upb_G', '7upk_A', '7upk_B']",15
8y0q_2,['8y0q_2'],1
8y0r_2,['8y0r_2'],1
8y31_F,"['8y31_F', '8y31_E']",2
8y3u_C,"['8y3u_C', '8y3u_G', '8y3u_K']",3
8y6a_B,['8y6a_B'],1
8y6h_A,"['8y6h_A', '8y6i_A']",2
8yx1_R,"['8yx1_R', '6fax_R', '8yx1_C', '8yx9_A', '8yx9_D', '8yx9_J', '8yx9_K', '6pe8_T', '6pe8_U']",9
8yxi_A,"['8yxi_A', '5y11_C', '8wsn_A', '8wsn_D', '8wsp_A', '8wsp_D']",6
8zd5_A,"['8zd5_A', '8zd5_D', '8zd5_G', '8zd5_J']",4
9b2c_A,['9b2c_A'],1
9b2w_A,"['9b2w_A', '9b2w_D']",2
9dez_A,"['9dez_A', '9dez_B', '9dez_C', '9df0_A']",4
9dh2_M,"['9dh2_M', '9dh2_R', '9dh2_S', '9dh2_T']",4
9dwe_A,"['9dwe_A', '9dwe_B', '9dwe_C']",3
9gwt_P,['9gwt_P'],1
9ima_A,['9ima_A'],1
9ivk_A,['9ivk_A'],1
